[
{
  "model": "auth.user",
  "pk": 1,
  "fields": {
    "password": "pbkdf2_sha256$600000$TJBz1pb0ZrL2UlZLeffyMk$QqNaskGXj0FbTbxqtpvqS1c711L6g4vpNAqE6NOQE44=",
    "last_login": "2023-09-16T19:28:37.035Z",
    "is_superuser": true,
    "username": "jbb",
    "first_name": "",
    "last_name": "",
    "email": "jbaptiste.braun@gmail.com",
    "is_staff": true,
    "is_active": true,
    "date_joined": "2023-09-16T19:28:31.532Z",
    "groups": [],
    "user_permissions": []
  }
},
{
  "model": "auth.user",
  "pk": 2,
  "fields": {
    "password": "pbkdf2_sha256$600000$L5gh4Guh3nq3KSgfmmfBwR$aiteR21koNF3Xd97lqazuJU9sPGxoWKaOVidFFsITD8=",
    "last_login": "2023-09-17T12:13:57.889Z",
    "is_superuser": true,
    "username": "matthieu",
    "first_name": "",
    "last_name": "",
    "email": "jbaptiste.braun@gmail.com",
    "is_staff": true,
    "is_active": true,
    "date_joined": "2023-09-17T12:13:00.640Z",
    "groups": [],
    "user_permissions": []
  }
},
{
  "model": "auth.user",
  "pk": 3,
  "fields": {
    "password": "pbkdf2_sha256$600000$bjvSqcp0okXzI6DDhPOq5V$nw0SNwnR+npm8jHct3U1twcr6xiTsVOKl4x180h62+c=",
    "last_login": "2023-09-17T12:21:49.725Z",
    "is_superuser": true,
    "username": "francois",
    "first_name": "",
    "last_name": "",
    "email": "jbaptiste.braun@gmail.com",
    "is_staff": true,
    "is_active": true,
    "date_joined": "2023-09-17T12:13:14.568Z",
    "groups": [],
    "user_permissions": []
  }
},
{
  "model": "scenario.instance",
  "pk": 1,
  "fields": {
    "slug": "instance",
    "name": "Sherlock",
    "status": "PAUSED",
    "modal_title": "Pause",
    "modal_text": "La partie est en pause"
  }
},
{
  "model": "scenario.item",
  "pk": 1,
  "fields": {
    "name": "1 Shilling",
    "description": "Cette pièce d'une modeste valeur est frappée à l'effigie de sa Majesté Victoria, par la grâce de Dieu, reine du Royaume-Uni de Grande-Bretagne et d'Irlande, impératrice des Indes, défenseur de la Foi.",
    "image": "item/shilling.webp"
  }
},
{
  "model": "scenario.player",
  "pk": 1,
  "fields": {
    "instance": 1,
    "slug": "semi-berline",
    "name": "Mary Johnson",
    "avatar": "character/sherlock-detective-36.png",
    "team": "SHERLOCK"
  }
},
{
  "model": "scenario.player",
  "pk": 2,
  "fields": {
    "instance": 1,
    "slug": "classe-consommateur",
    "name": "Robert Harris",
    "avatar": "character/sherlock-detective-37.png",
    "team": "SHERLOCK"
  }
},
{
  "model": "scenario.player",
  "pk": 3,
  "fields": {
    "instance": 1,
    "slug": "louche-mouche",
    "name": "Catherine Hazelwood",
    "avatar": "character/sherlock-detective-38.png",
    "team": "SHERLOCK"
  }
},
{
  "model": "scenario.player",
  "pk": 4,
  "fields": {
    "instance": 1,
    "slug": "joufflu-nickel",
    "name": "Samuel Parker",
    "avatar": "character/sherlock-detective-39.png",
    "team": "SHERLOCK"
  }
},
{
  "model": "scenario.player",
  "pk": 5,
  "fields": {
    "instance": 1,
    "slug": "brillante-jonquille",
    "name": "Frederick Bennett",
    "avatar": "character/sherlock-detective-40.png",
    "team": "SHERLOCK"
  }
},
{
  "model": "scenario.player",
  "pk": 6,
  "fields": {
    "instance": 1,
    "slug": "grande-rose",
    "name": "Jane Lee",
    "avatar": "character/sherlock-detective-41.png",
    "team": "SHERLOCK"
  }
},
{
  "model": "scenario.player",
  "pk": 7,
  "fields": {
    "instance": 1,
    "slug": "adorable-neige",
    "name": "Eliza Hughes",
    "avatar": "character/sherlock-detective-42.png",
    "team": "SHERLOCK"
  }
},
{
  "model": "scenario.player",
  "pk": 8,
  "fields": {
    "instance": 1,
    "slug": "croire-public",
    "name": "Amelia Allen",
    "avatar": "character/sherlock-detective-43.png",
    "team": "SHERLOCK"
  }
},
{
  "model": "scenario.player",
  "pk": 9,
  "fields": {
    "instance": 1,
    "slug": "poudre-glace",
    "name": "William Standson",
    "avatar": "character/sherlock-detective-44.png",
    "team": "SHERLOCK"
  }
},
{
  "model": "scenario.player",
  "pk": 10,
  "fields": {
    "instance": 1,
    "slug": "croquant-lapin",
    "name": "Daniel Winterton",
    "avatar": "character/sherlock-detective-45.png",
    "team": "SHERLOCK"
  }
},
{
  "model": "scenario.player",
  "pk": 11,
  "fields": {
    "instance": 1,
    "slug": "magique-image",
    "name": "Henry Clarke",
    "avatar": "character/sherlock-detective-1.png",
    "team": "SHERLOCK"
  }
},
{
  "model": "scenario.player",
  "pk": 12,
  "fields": {
    "instance": 1,
    "slug": "orange-acheteur",
    "name": "William Miller",
    "avatar": "character/sherlock-detective-2.png",
    "team": "SHERLOCK"
  }
},
{
  "model": "scenario.player",
  "pk": 13,
  "fields": {
    "instance": 1,
    "slug": "plat-soir",
    "name": "Charlotte Parker",
    "avatar": "character/sherlock-detective-3.png",
    "team": "SHERLOCK"
  }
},
{
  "model": "scenario.player",
  "pk": 14,
  "fields": {
    "instance": 1,
    "slug": "poutre-aviron",
    "name": "Sophia Adams",
    "avatar": "character/sherlock-detective-4.png",
    "team": "SHERLOCK"
  }
},
{
  "model": "scenario.player",
  "pk": 15,
  "fields": {
    "instance": 1,
    "slug": "panique-peluche",
    "name": "Amelia Reed",
    "avatar": "character/sherlock-detective-5.png",
    "team": "SHERLOCK"
  }
},
{
  "model": "scenario.player",
  "pk": 16,
  "fields": {
    "instance": 1,
    "slug": "large-rame",
    "name": "Emily Davis",
    "avatar": "character/sherlock-detective-6.png",
    "team": "SHERLOCK"
  }
},
{
  "model": "scenario.player",
  "pk": 17,
  "fields": {
    "instance": 1,
    "slug": "vague-brume",
    "name": "Martha Wright",
    "avatar": "character/sherlock-detective-7.png",
    "team": "SHERLOCK"
  }
},
{
  "model": "scenario.player",
  "pk": 18,
  "fields": {
    "instance": 1,
    "slug": "rond-argument",
    "name": "Samuel Roberts",
    "avatar": "character/sherlock-detective-8.png",
    "team": "SHERLOCK"
  }
},
{
  "model": "scenario.player",
  "pk": 19,
  "fields": {
    "instance": 1,
    "slug": "volatile-singe",
    "name": "Edward Jackson",
    "avatar": "character/sherlock-detective-9.png",
    "team": "SHERLOCK"
  }
},
{
  "model": "scenario.player",
  "pk": 20,
  "fields": {
    "instance": 1,
    "slug": "respire-mention",
    "name": "John Culpepper",
    "avatar": "character/sherlock-detective-10.png",
    "team": "SHERLOCK"
  }
},
{
  "model": "scenario.player",
  "pk": 21,
  "fields": {
    "instance": 1,
    "slug": "sourd-silence",
    "name": "Joseph Smith",
    "avatar": "character/sherlock-detective-11.png",
    "team": "SHERLOCK"
  }
},
{
  "model": "scenario.player",
  "pk": 22,
  "fields": {
    "instance": 1,
    "slug": "excitant-poisson",
    "name": "Richard Wilson",
    "avatar": "character/sherlock-detective-12.png",
    "team": "SHERLOCK"
  }
},
{
  "model": "scenario.player",
  "pk": 23,
  "fields": {
    "instance": 1,
    "slug": "livre-carreau",
    "name": "George Walker",
    "avatar": "character/sherlock-detective-13.png",
    "team": "SHERLOCK"
  }
},
{
  "model": "scenario.player",
  "pk": 24,
  "fields": {
    "instance": 1,
    "slug": "rectangle-avocat",
    "name": "Frederick Marlowe",
    "avatar": "character/sherlock-detective-14.png",
    "team": "SHERLOCK"
  }
},
{
  "model": "scenario.player",
  "pk": 25,
  "fields": {
    "instance": 1,
    "slug": "oasis-impala",
    "name": "David Williams",
    "avatar": "character/sherlock-detective-15.png",
    "team": "SHERLOCK"
  }
},
{
  "model": "scenario.player",
  "pk": 26,
  "fields": {
    "instance": 1,
    "slug": "haute-tour",
    "name": "James Davis",
    "avatar": "character/sherlock-detective-16.png",
    "team": "SHERLOCK"
  }
},
{
  "model": "scenario.player",
  "pk": 27,
  "fields": {
    "instance": 1,
    "slug": "viande-hormone",
    "name": "Benjamin Parker",
    "avatar": "character/sherlock-detective-17.png",
    "team": "SHERLOCK"
  }
},
{
  "model": "scenario.player",
  "pk": 28,
  "fields": {
    "instance": 1,
    "slug": "sage-comprendre",
    "name": "Frances Penrose",
    "avatar": "character/sherlock-detective-18.png",
    "team": "SHERLOCK"
  }
},
{
  "model": "scenario.player",
  "pk": 29,
  "fields": {
    "instance": 1,
    "slug": "phobie-sac",
    "name": "Ann Martin",
    "avatar": "character/sherlock-detective-19.png",
    "team": "SHERLOCK"
  }
},
{
  "model": "scenario.player",
  "pk": 30,
  "fields": {
    "instance": 1,
    "slug": "pigeon-applaudir",
    "name": "Louisa Gray",
    "avatar": "character/sherlock-detective-20.png",
    "team": "SHERLOCK"
  }
},
{
  "model": "scenario.player",
  "pk": 31,
  "fields": {
    "instance": 1,
    "slug": "heure-police",
    "name": "Rebecca Wright",
    "avatar": "character/sherlock-detective-21.png",
    "team": "SHERLOCK"
  }
},
{
  "model": "scenario.player",
  "pk": 32,
  "fields": {
    "instance": 1,
    "slug": "gigantesque-avion",
    "name": "Alice Quill",
    "avatar": "character/sherlock-detective-22.png",
    "team": "SHERLOCK"
  }
},
{
  "model": "scenario.player",
  "pk": 33,
  "fields": {
    "instance": 1,
    "slug": "sombre-situation",
    "name": "Margaret Foster",
    "avatar": "character/sherlock-detective-23.png",
    "team": "SHERLOCK"
  }
},
{
  "model": "scenario.player",
  "pk": 34,
  "fields": {
    "instance": 1,
    "slug": "avenir-voler",
    "name": "Clara Johnson",
    "avatar": "character/sherlock-detective-24.png",
    "team": "SHERLOCK"
  }
},
{
  "model": "scenario.player",
  "pk": 35,
  "fields": {
    "instance": 1,
    "slug": "banque-inutile",
    "name": "Sarah Applegate",
    "avatar": "character/sherlock-detective-25.png",
    "team": "SHERLOCK"
  }
},
{
  "model": "scenario.player",
  "pk": 36,
  "fields": {
    "instance": 1,
    "slug": "projet-couleur",
    "name": "Eliza Kingsford",
    "avatar": "character/sherlock-detective-26.png",
    "team": "SHERLOCK"
  }
},
{
  "model": "scenario.player",
  "pk": 37,
  "fields": {
    "instance": 1,
    "slug": "chasse-unique",
    "name": "Matilda Hall",
    "avatar": "character/sherlock-detective-27.png",
    "team": "SHERLOCK"
  }
},
{
  "model": "scenario.player",
  "pk": 38,
  "fields": {
    "instance": 1,
    "slug": "saint-palais",
    "name": "Emily Scott",
    "avatar": "character/sherlock-detective-28.png",
    "team": "SHERLOCK"
  }
},
{
  "model": "scenario.player",
  "pk": 39,
  "fields": {
    "instance": 1,
    "slug": "fuir-lac",
    "name": "Eleanor Price",
    "avatar": "character/sherlock-detective-29.png",
    "team": "SHERLOCK"
  }
},
{
  "model": "scenario.player",
  "pk": 40,
  "fields": {
    "instance": 1,
    "slug": "pourquoi-monde",
    "name": "Caroline Bailey",
    "avatar": "character/sherlock-detective-30.png",
    "team": "SHERLOCK"
  }
},
{
  "model": "scenario.player",
  "pk": 41,
  "fields": {
    "instance": 1,
    "slug": "entre-pension",
    "name": "Charles Brooks",
    "avatar": "character/sherlock-detective-31.png",
    "team": "SHERLOCK"
  }
},
{
  "model": "scenario.player",
  "pk": 42,
  "fields": {
    "instance": 1,
    "slug": "chambre-retard",
    "name": "Thomas Thompson",
    "avatar": "character/sherlock-detective-32.png",
    "team": "SHERLOCK"
  }
},
{
  "model": "scenario.player",
  "pk": 43,
  "fields": {
    "instance": 1,
    "slug": "danse-continuer",
    "name": "Charles Westwood",
    "avatar": "character/sherlock-detective-33.png",
    "team": "SHERLOCK"
  }
},
{
  "model": "scenario.player",
  "pk": 44,
  "fields": {
    "instance": 1,
    "slug": "peau-vin",
    "name": "John Pendleton",
    "avatar": "character/sherlock-detective-34.png",
    "team": "SHERLOCK"
  }
},
{
  "model": "scenario.player",
  "pk": 45,
  "fields": {
    "instance": 1,
    "slug": "cerveau-contact",
    "name": "Scarlett O'Ryan",
    "avatar": "character/sherlock-detective-35.png",
    "team": "SHERLOCK"
  }
},
{
  "model": "scenario.player",
  "pk": 46,
  "fields": {
    "instance": 1,
    "slug": "pain-direction",
    "name": "Benjamin King",
    "avatar": "character/moriarty-detective-36.png",
    "team": "MORIARTY"
  }
},
{
  "model": "scenario.player",
  "pk": 47,
  "fields": {
    "instance": 1,
    "slug": "montagne-futur",
    "name": "Charles Hill",
    "avatar": "character/moriarty-detective-37.png",
    "team": "MORIARTY"
  }
},
{
  "model": "scenario.player",
  "pk": 48,
  "fields": {
    "instance": 1,
    "slug": "salon-vache",
    "name": "Richard Moore",
    "avatar": "character/moriarty-detective-38.png",
    "team": "MORIARTY"
  }
},
{
  "model": "scenario.player",
  "pk": 49,
  "fields": {
    "instance": 1,
    "slug": "monsieur-quatre",
    "name": "Matilda Wilson",
    "avatar": "character/moriarty-detective-39.png",
    "team": "MORIARTY"
  }
},
{
  "model": "scenario.player",
  "pk": 50,
  "fields": {
    "instance": 1,
    "slug": "instant-musique",
    "name": "Elizabeth Brown",
    "avatar": "character/moriarty-detective-40.png",
    "team": "MORIARTY"
  }
},
{
  "model": "scenario.player",
  "pk": 51,
  "fields": {
    "instance": 1,
    "slug": "voulu-ignorant",
    "name": "Louisa Bramhall",
    "avatar": "character/moriarty-detective-41.png",
    "team": "MORIARTY"
  }
},
{
  "model": "scenario.player",
  "pk": 52,
  "fields": {
    "instance": 1,
    "slug": "appel-terrible",
    "name": "Ann Clark",
    "avatar": "character/moriarty-detective-42.png",
    "team": "MORIARTY"
  }
},
{
  "model": "scenario.player",
  "pk": 53,
  "fields": {
    "instance": 1,
    "slug": "anxieux-crime",
    "name": "Agnes Harris",
    "avatar": "character/moriarty-detective-43.png",
    "team": "MORIARTY"
  }
},
{
  "model": "scenario.player",
  "pk": 54,
  "fields": {
    "instance": 1,
    "slug": "puissante-balle",
    "name": "Joseph Foster",
    "avatar": "character/moriarty-detective-44.png",
    "team": "MORIARTY"
  }
},
{
  "model": "scenario.player",
  "pk": 55,
  "fields": {
    "instance": 1,
    "slug": "nourriture-espace",
    "name": "Frances Wood",
    "avatar": "character/moriarty-detective-45.png",
    "team": "MORIARTY"
  }
},
{
  "model": "scenario.player",
  "pk": 56,
  "fields": {
    "instance": 1,
    "slug": "vive-japon",
    "name": "Francis Allen",
    "avatar": "character/moriarty-detective-1.png",
    "team": "MORIARTY"
  }
},
{
  "model": "scenario.player",
  "pk": 57,
  "fields": {
    "instance": 1,
    "slug": "argent-guerre",
    "name": "Thomas Hill",
    "avatar": "character/moriarty-detective-2.png",
    "team": "MORIARTY"
  }
},
{
  "model": "scenario.player",
  "pk": 58,
  "fields": {
    "instance": 1,
    "slug": "doute-souvent",
    "name": "Robert Carter",
    "avatar": "character/moriarty-detective-3.png",
    "team": "MORIARTY"
  }
},
{
  "model": "scenario.player",
  "pk": 59,
  "fields": {
    "instance": 1,
    "slug": "aide-buffet",
    "name": "Henrietta Ward",
    "avatar": "character/moriarty-detective-4.png",
    "team": "MORIARTY"
  }
},
{
  "model": "scenario.player",
  "pk": 60,
  "fields": {
    "instance": 1,
    "slug": "magenta-tiret",
    "name": "Maria Cresswell",
    "avatar": "character/moriarty-detective-5.png",
    "team": "MORIARTY"
  }
},
{
  "model": "scenario.player",
  "pk": 61,
  "fields": {
    "instance": 1,
    "slug": "absurde-course",
    "name": "Edward Stanhope",
    "avatar": "character/moriarty-detective-6.png",
    "team": "MORIARTY"
  }
},
{
  "model": "scenario.player",
  "pk": 62,
  "fields": {
    "instance": 1,
    "slug": "cherche-suspect",
    "name": "Robert Abernathy",
    "avatar": "character/moriarty-detective-7.png",
    "team": "MORIARTY"
  }
},
{
  "model": "scenario.player",
  "pk": 63,
  "fields": {
    "instance": 1,
    "slug": "journal-mille",
    "name": "William Brampton",
    "avatar": "character/moriarty-detective-8.png",
    "team": "MORIARTY"
  }
},
{
  "model": "scenario.player",
  "pk": 64,
  "fields": {
    "instance": 1,
    "slug": "inutile-blague",
    "name": "Samuel Wyatt",
    "avatar": "character/moriarty-detective-9.png",
    "team": "MORIARTY"
  }
},
{
  "model": "scenario.player",
  "pk": 65,
  "fields": {
    "instance": 1,
    "slug": "amour-adieu",
    "name": "Frederick Pennington",
    "avatar": "character/moriarty-detective-10.png",
    "team": "MORIARTY"
  }
},
{
  "model": "scenario.player",
  "pk": 66,
  "fields": {
    "instance": 1,
    "slug": "robuste-royaume",
    "name": "Daniel Bannister",
    "avatar": "character/moriarty-detective-11.png",
    "team": "MORIARTY"
  }
},
{
  "model": "scenario.player",
  "pk": 67,
  "fields": {
    "instance": 1,
    "slug": "histoire-content",
    "name": "Donald Brooke",
    "avatar": "character/moriarty-detective-12.png",
    "team": "MORIARTY"
  }
},
{
  "model": "scenario.player",
  "pk": 68,
  "fields": {
    "instance": 1,
    "slug": "paix-regard",
    "name": "Catherine Wright",
    "avatar": "character/moriarty-detective-13.png",
    "team": "MORIARTY"
  }
},
{
  "model": "scenario.player",
  "pk": 69,
  "fields": {
    "instance": 1,
    "slug": "pain-sauce",
    "name": "Amelia Martin",
    "avatar": "character/moriarty-detective-14.png",
    "team": "MORIARTY"
  }
},
{
  "model": "scenario.player",
  "pk": 70,
  "fields": {
    "instance": 1,
    "slug": "couple-repos",
    "name": "Eleanor Quigley",
    "avatar": "character/moriarty-detective-15.png",
    "team": "MORIARTY"
  }
},
{
  "model": "scenario.player",
  "pk": 71,
  "fields": {
    "instance": 1,
    "slug": "roue-malin",
    "name": "Isabella Barlow",
    "avatar": "character/moriarty-detective-16.png",
    "team": "MORIARTY"
  }
},
{
  "model": "scenario.player",
  "pk": 72,
  "fields": {
    "instance": 1,
    "slug": "desert-jugement",
    "name": "Caroline Wainwright",
    "avatar": "character/moriarty-detective-17.png",
    "team": "MORIARTY"
  }
},
{
  "model": "scenario.player",
  "pk": 73,
  "fields": {
    "instance": 1,
    "slug": "volatile-arc",
    "name": "Ann Waith",
    "avatar": "character/moriarty-detective-18.png",
    "team": "MORIARTY"
  }
},
{
  "model": "scenario.player",
  "pk": 74,
  "fields": {
    "instance": 1,
    "slug": "bouche-mur",
    "name": "Oswald Abernethy",
    "avatar": "character/moriarty-detective-19.png",
    "team": "MORIARTY"
  }
},
{
  "model": "scenario.player",
  "pk": 75,
  "fields": {
    "instance": 1,
    "slug": "exotique-militaire",
    "name": "Agnes Ashcroft",
    "avatar": "character/moriarty-detective-20.png",
    "team": "MORIARTY"
  }
},
{
  "model": "scenario.player",
  "pk": 76,
  "fields": {
    "instance": 1,
    "slug": "mangue-question",
    "name": "Henrietta Pemberton",
    "avatar": "character/moriarty-detective-21.png",
    "team": "MORIARTY"
  }
},
{
  "model": "scenario.player",
  "pk": 77,
  "fields": {
    "instance": 1,
    "slug": "pauvre-chef",
    "name": "Mildred Ambleside",
    "avatar": "character/moriarty-detective-22.png",
    "team": "MORIARTY"
  }
},
{
  "model": "scenario.player",
  "pk": 78,
  "fields": {
    "instance": 1,
    "slug": "arme-gauche",
    "name": "Octavius Belvoir",
    "avatar": "character/moriarty-detective-23.png",
    "team": "MORIARTY"
  }
},
{
  "model": "scenario.player",
  "pk": 79,
  "fields": {
    "instance": 1,
    "slug": "froid-gant",
    "name": "Horatio Drayton",
    "avatar": "character/moriarty-detective-24.png",
    "team": "MORIARTY"
  }
},
{
  "model": "scenario.player",
  "pk": 80,
  "fields": {
    "instance": 1,
    "slug": "suivre-debout",
    "name": "Leopold Ormskirk",
    "avatar": "character/moriarty-detective-25.png",
    "team": "MORIARTY"
  }
},
{
  "model": "scenario.player",
  "pk": 81,
  "fields": {
    "instance": 1,
    "slug": "joli-inspecteur",
    "name": "Roderick Ravenscroft",
    "avatar": "character/moriarty-detective-26.png",
    "team": "MORIARTY"
  }
},
{
  "model": "scenario.player",
  "pk": 82,
  "fields": {
    "instance": 1,
    "slug": "gamin-mur",
    "name": "Isadora Ellsworth",
    "avatar": "character/moriarty-detective-27.png",
    "team": "MORIARTY"
  }
},
{
  "model": "scenario.player",
  "pk": 83,
  "fields": {
    "instance": 1,
    "slug": "samedi-fusil",
    "name": "Seraphina Brinsley",
    "avatar": "character/moriarty-detective-28.png",
    "team": "MORIARTY"
  }
},
{
  "model": "scenario.player",
  "pk": 84,
  "fields": {
    "instance": 1,
    "slug": "jaune-lundi",
    "name": "Beatrix Chesterton",
    "avatar": "character/moriarty-detective-29.png",
    "team": "MORIARTY"
  }
},
{
  "model": "scenario.player",
  "pk": 85,
  "fields": {
    "instance": 1,
    "slug": "minuit-mardi",
    "name": "Hortense Hartshorne",
    "avatar": "character/moriarty-detective-30.png",
    "team": "MORIARTY"
  }
},
{
  "model": "scenario.player",
  "pk": 86,
  "fields": {
    "instance": 1,
    "slug": "soleil-jeudi",
    "name": "Cordelia Fothergill",
    "avatar": "character/moriarty-detective-31.png",
    "team": "MORIARTY"
  }
},
{
  "model": "scenario.player",
  "pk": 87,
  "fields": {
    "instance": 1,
    "slug": "jardin-livre",
    "name": "Emmeline Sandford",
    "avatar": "character/moriarty-detective-32.png",
    "team": "MORIARTY"
  }
},
{
  "model": "scenario.player",
  "pk": 88,
  "fields": {
    "instance": 1,
    "slug": "fleur-ami",
    "name": "Balthazar Manton",
    "avatar": "character/moriarty-detective-33.png",
    "team": "MORIARTY"
  }
},
{
  "model": "scenario.player",
  "pk": 89,
  "fields": {
    "instance": 1,
    "slug": "porte-rue",
    "name": "Casimir Sheffield",
    "avatar": "character/moriarty-detective-34.png",
    "team": "MORIARTY"
  }
},
{
  "model": "scenario.player",
  "pk": 90,
  "fields": {
    "instance": 1,
    "slug": "montagne-terre",
    "name": "Jocasta Litchfield",
    "avatar": "character/moriarty-detective-35.png",
    "team": "MORIARTY"
  }
},
{
  "model": "scenario.player",
  "pk": 101,
  "fields": {
    "instance": 1,
    "slug": "merci-radio",
    "name": "Sherlock Holmes",
    "avatar": "character/holmes.png",
    "team": "NEUTRAL"
  }
},
{
  "model": "scenario.player",
  "pk": 102,
  "fields": {
    "instance": 1,
    "slug": "valise-papier",
    "name": "Dr. John H. Watson",
    "avatar": "character/watson.png",
    "team": "NEUTRAL"
  }
},
{
  "model": "scenario.player",
  "pk": 103,
  "fields": {
    "instance": 1,
    "slug": "photo-stylo",
    "name": "Professeur Moriarty",
    "avatar": "character/moriarty.png",
    "team": "NEUTRAL"
  }
},
{
  "model": "scenario.player",
  "pk": 104,
  "fields": {
    "instance": 1,
    "slug": "dur-noisette",
    "name": "Colonel Sebastian Moran",
    "avatar": "character/moran.png",
    "team": "NEUTRAL"
  }
},
{
  "model": "scenario.playeritem",
  "pk": 1,
  "fields": {
    "player": 1,
    "item": 1,
    "position": 0
  }
},
{
  "model": "scenario.playeritem",
  "pk": 2,
  "fields": {
    "player": 2,
    "item": 1,
    "position": 0
  }
},
{
  "model": "scenario.playeritem",
  "pk": 3,
  "fields": {
    "player": 3,
    "item": 1,
    "position": 0
  }
},
{
  "model": "scenario.playeritem",
  "pk": 4,
  "fields": {
    "player": 4,
    "item": 1,
    "position": 0
  }
},
{
  "model": "scenario.playeritem",
  "pk": 5,
  "fields": {
    "player": 5,
    "item": 1,
    "position": 0
  }
},
{
  "model": "scenario.playeritem",
  "pk": 6,
  "fields": {
    "player": 6,
    "item": 1,
    "position": 0
  }
},
{
  "model": "scenario.playeritem",
  "pk": 7,
  "fields": {
    "player": 7,
    "item": 1,
    "position": 0
  }
},
{
  "model": "scenario.playeritem",
  "pk": 8,
  "fields": {
    "player": 8,
    "item": 1,
    "position": 0
  }
},
{
  "model": "scenario.playeritem",
  "pk": 9,
  "fields": {
    "player": 9,
    "item": 1,
    "position": 0
  }
},
{
  "model": "scenario.playeritem",
  "pk": 10,
  "fields": {
    "player": 10,
    "item": 1,
    "position": 0
  }
},
{
  "model": "scenario.playeritem",
  "pk": 11,
  "fields": {
    "player": 11,
    "item": 1,
    "position": 0
  }
},
{
  "model": "scenario.playeritem",
  "pk": 12,
  "fields": {
    "player": 12,
    "item": 1,
    "position": 0
  }
},
{
  "model": "scenario.playeritem",
  "pk": 13,
  "fields": {
    "player": 13,
    "item": 1,
    "position": 0
  }
},
{
  "model": "scenario.playeritem",
  "pk": 14,
  "fields": {
    "player": 14,
    "item": 1,
    "position": 0
  }
},
{
  "model": "scenario.playeritem",
  "pk": 15,
  "fields": {
    "player": 15,
    "item": 1,
    "position": 0
  }
},
{
  "model": "scenario.playeritem",
  "pk": 16,
  "fields": {
    "player": 16,
    "item": 1,
    "position": 0
  }
},
{
  "model": "scenario.playeritem",
  "pk": 17,
  "fields": {
    "player": 17,
    "item": 1,
    "position": 0
  }
},
{
  "model": "scenario.playeritem",
  "pk": 18,
  "fields": {
    "player": 18,
    "item": 1,
    "position": 0
  }
},
{
  "model": "scenario.playeritem",
  "pk": 19,
  "fields": {
    "player": 19,
    "item": 1,
    "position": 0
  }
},
{
  "model": "scenario.playeritem",
  "pk": 20,
  "fields": {
    "player": 20,
    "item": 1,
    "position": 0
  }
},
{
  "model": "scenario.playeritem",
  "pk": 21,
  "fields": {
    "player": 21,
    "item": 1,
    "position": 0
  }
},
{
  "model": "scenario.playeritem",
  "pk": 22,
  "fields": {
    "player": 22,
    "item": 1,
    "position": 0
  }
},
{
  "model": "scenario.playeritem",
  "pk": 23,
  "fields": {
    "player": 23,
    "item": 1,
    "position": 0
  }
},
{
  "model": "scenario.playeritem",
  "pk": 24,
  "fields": {
    "player": 24,
    "item": 1,
    "position": 0
  }
},
{
  "model": "scenario.playeritem",
  "pk": 25,
  "fields": {
    "player": 25,
    "item": 1,
    "position": 0
  }
},
{
  "model": "scenario.playeritem",
  "pk": 26,
  "fields": {
    "player": 26,
    "item": 1,
    "position": 0
  }
},
{
  "model": "scenario.playeritem",
  "pk": 27,
  "fields": {
    "player": 27,
    "item": 1,
    "position": 0
  }
},
{
  "model": "scenario.playeritem",
  "pk": 28,
  "fields": {
    "player": 28,
    "item": 1,
    "position": 0
  }
},
{
  "model": "scenario.playeritem",
  "pk": 29,
  "fields": {
    "player": 29,
    "item": 1,
    "position": 0
  }
},
{
  "model": "scenario.playeritem",
  "pk": 30,
  "fields": {
    "player": 30,
    "item": 1,
    "position": 0
  }
},
{
  "model": "scenario.playeritem",
  "pk": 31,
  "fields": {
    "player": 31,
    "item": 1,
    "position": 0
  }
},
{
  "model": "scenario.playeritem",
  "pk": 32,
  "fields": {
    "player": 32,
    "item": 1,
    "position": 0
  }
},
{
  "model": "scenario.playeritem",
  "pk": 33,
  "fields": {
    "player": 33,
    "item": 1,
    "position": 0
  }
},
{
  "model": "scenario.playeritem",
  "pk": 34,
  "fields": {
    "player": 34,
    "item": 1,
    "position": 0
  }
},
{
  "model": "scenario.playeritem",
  "pk": 35,
  "fields": {
    "player": 35,
    "item": 1,
    "position": 0
  }
},
{
  "model": "scenario.playeritem",
  "pk": 36,
  "fields": {
    "player": 36,
    "item": 1,
    "position": 0
  }
},
{
  "model": "scenario.playeritem",
  "pk": 37,
  "fields": {
    "player": 37,
    "item": 1,
    "position": 0
  }
},
{
  "model": "scenario.playeritem",
  "pk": 38,
  "fields": {
    "player": 38,
    "item": 1,
    "position": 0
  }
},
{
  "model": "scenario.playeritem",
  "pk": 39,
  "fields": {
    "player": 39,
    "item": 1,
    "position": 0
  }
},
{
  "model": "scenario.playeritem",
  "pk": 40,
  "fields": {
    "player": 40,
    "item": 1,
    "position": 0
  }
},
{
  "model": "scenario.playeritem",
  "pk": 41,
  "fields": {
    "player": 41,
    "item": 1,
    "position": 0
  }
},
{
  "model": "scenario.playeritem",
  "pk": 42,
  "fields": {
    "player": 42,
    "item": 1,
    "position": 0
  }
},
{
  "model": "scenario.playeritem",
  "pk": 43,
  "fields": {
    "player": 43,
    "item": 1,
    "position": 0
  }
},
{
  "model": "scenario.playeritem",
  "pk": 44,
  "fields": {
    "player": 44,
    "item": 1,
    "position": 0
  }
},
{
  "model": "scenario.playeritem",
  "pk": 45,
  "fields": {
    "player": 45,
    "item": 1,
    "position": 0
  }
},
{
  "model": "scenario.playeritem",
  "pk": 46,
  "fields": {
    "player": 46,
    "item": 1,
    "position": 0
  }
},
{
  "model": "scenario.playeritem",
  "pk": 47,
  "fields": {
    "player": 47,
    "item": 1,
    "position": 0
  }
},
{
  "model": "scenario.playeritem",
  "pk": 48,
  "fields": {
    "player": 48,
    "item": 1,
    "position": 0
  }
},
{
  "model": "scenario.playeritem",
  "pk": 49,
  "fields": {
    "player": 49,
    "item": 1,
    "position": 0
  }
},
{
  "model": "scenario.playeritem",
  "pk": 50,
  "fields": {
    "player": 50,
    "item": 1,
    "position": 0
  }
},
{
  "model": "scenario.playeritem",
  "pk": 51,
  "fields": {
    "player": 51,
    "item": 1,
    "position": 0
  }
},
{
  "model": "scenario.playeritem",
  "pk": 52,
  "fields": {
    "player": 52,
    "item": 1,
    "position": 0
  }
},
{
  "model": "scenario.playeritem",
  "pk": 53,
  "fields": {
    "player": 53,
    "item": 1,
    "position": 0
  }
},
{
  "model": "scenario.playeritem",
  "pk": 54,
  "fields": {
    "player": 54,
    "item": 1,
    "position": 0
  }
},
{
  "model": "scenario.playeritem",
  "pk": 55,
  "fields": {
    "player": 55,
    "item": 1,
    "position": 0
  }
},
{
  "model": "scenario.playeritem",
  "pk": 56,
  "fields": {
    "player": 56,
    "item": 1,
    "position": 0
  }
},
{
  "model": "scenario.playeritem",
  "pk": 57,
  "fields": {
    "player": 57,
    "item": 1,
    "position": 0
  }
},
{
  "model": "scenario.playeritem",
  "pk": 58,
  "fields": {
    "player": 58,
    "item": 1,
    "position": 0
  }
},
{
  "model": "scenario.playeritem",
  "pk": 59,
  "fields": {
    "player": 59,
    "item": 1,
    "position": 0
  }
},
{
  "model": "scenario.playeritem",
  "pk": 60,
  "fields": {
    "player": 60,
    "item": 1,
    "position": 0
  }
},
{
  "model": "scenario.playeritem",
  "pk": 61,
  "fields": {
    "player": 61,
    "item": 1,
    "position": 0
  }
},
{
  "model": "scenario.playeritem",
  "pk": 62,
  "fields": {
    "player": 62,
    "item": 1,
    "position": 0
  }
},
{
  "model": "scenario.playeritem",
  "pk": 63,
  "fields": {
    "player": 63,
    "item": 1,
    "position": 0
  }
},
{
  "model": "scenario.playeritem",
  "pk": 64,
  "fields": {
    "player": 64,
    "item": 1,
    "position": 0
  }
},
{
  "model": "scenario.playeritem",
  "pk": 65,
  "fields": {
    "player": 65,
    "item": 1,
    "position": 0
  }
},
{
  "model": "scenario.playeritem",
  "pk": 66,
  "fields": {
    "player": 66,
    "item": 1,
    "position": 0
  }
},
{
  "model": "scenario.playeritem",
  "pk": 67,
  "fields": {
    "player": 67,
    "item": 1,
    "position": 0
  }
},
{
  "model": "scenario.playeritem",
  "pk": 68,
  "fields": {
    "player": 68,
    "item": 1,
    "position": 0
  }
},
{
  "model": "scenario.playeritem",
  "pk": 69,
  "fields": {
    "player": 69,
    "item": 1,
    "position": 0
  }
},
{
  "model": "scenario.playeritem",
  "pk": 70,
  "fields": {
    "player": 70,
    "item": 1,
    "position": 0
  }
},
{
  "model": "scenario.playeritem",
  "pk": 71,
  "fields": {
    "player": 71,
    "item": 1,
    "position": 0
  }
},
{
  "model": "scenario.playeritem",
  "pk": 72,
  "fields": {
    "player": 72,
    "item": 1,
    "position": 0
  }
},
{
  "model": "scenario.playeritem",
  "pk": 73,
  "fields": {
    "player": 73,
    "item": 1,
    "position": 0
  }
},
{
  "model": "scenario.playeritem",
  "pk": 74,
  "fields": {
    "player": 74,
    "item": 1,
    "position": 0
  }
},
{
  "model": "scenario.playeritem",
  "pk": 75,
  "fields": {
    "player": 75,
    "item": 1,
    "position": 0
  }
},
{
  "model": "scenario.playeritem",
  "pk": 76,
  "fields": {
    "player": 76,
    "item": 1,
    "position": 0
  }
},
{
  "model": "scenario.playeritem",
  "pk": 77,
  "fields": {
    "player": 77,
    "item": 1,
    "position": 0
  }
},
{
  "model": "scenario.playeritem",
  "pk": 78,
  "fields": {
    "player": 78,
    "item": 1,
    "position": 0
  }
},
{
  "model": "scenario.playeritem",
  "pk": 79,
  "fields": {
    "player": 79,
    "item": 1,
    "position": 0
  }
},
{
  "model": "scenario.playeritem",
  "pk": 80,
  "fields": {
    "player": 80,
    "item": 1,
    "position": 0
  }
},
{
  "model": "scenario.playeritem",
  "pk": 81,
  "fields": {
    "player": 81,
    "item": 1,
    "position": 0
  }
},
{
  "model": "scenario.playeritem",
  "pk": 82,
  "fields": {
    "player": 82,
    "item": 1,
    "position": 0
  }
},
{
  "model": "scenario.playeritem",
  "pk": 83,
  "fields": {
    "player": 83,
    "item": 1,
    "position": 0
  }
},
{
  "model": "scenario.playeritem",
  "pk": 84,
  "fields": {
    "player": 84,
    "item": 1,
    "position": 0
  }
},
{
  "model": "scenario.playeritem",
  "pk": 85,
  "fields": {
    "player": 85,
    "item": 1,
    "position": 0
  }
},
{
  "model": "scenario.playeritem",
  "pk": 86,
  "fields": {
    "player": 86,
    "item": 1,
    "position": 0
  }
},
{
  "model": "scenario.playeritem",
  "pk": 87,
  "fields": {
    "player": 87,
    "item": 1,
    "position": 0
  }
},
{
  "model": "scenario.playeritem",
  "pk": 88,
  "fields": {
    "player": 88,
    "item": 1,
    "position": 0
  }
},
{
  "model": "scenario.playeritem",
  "pk": 89,
  "fields": {
    "player": 89,
    "item": 1,
    "position": 0
  }
},
{
  "model": "scenario.playeritem",
  "pk": 90,
  "fields": {
    "player": 90,
    "item": 1,
    "position": 0
  }
},
{
  "model": "scenario.playeritem",
  "pk": 91,
  "fields": {
    "player": 101,
    "item": 1,
    "position": 0
  }
},
{
  "model": "scenario.playeritem",
  "pk": 92,
  "fields": {
    "player": 102,
    "item": 1,
    "position": 0
  }
},
{
  "model": "scenario.playeritem",
  "pk": 93,
  "fields": {
    "player": 103,
    "item": 1,
    "position": 0
  }
},
{
  "model": "scenario.playeritem",
  "pk": 94,
  "fields": {
    "player": 104,
    "item": 1,
    "position": 0
  }
}
]
